{"total_runs": 20, "good_runs": 15, "bad_runs": {"counterfactual_not_found": 5, "malformed_dfa": 0, "other": 0}, "mean_time_dataset_generation": 33.08709921836853, "mean_time_automata_learning": 0.691705067952474, "mean_time_alignment": 35.83207076390584, "mean_total_time": 69.61087505022685, "min_cost": 1, "max_cost": 2, "mean_cost": 1.9333333333333333}