tp,fp,tn,fn,precision,accuracy,recall,train_dataset_len,test_dataset_len,source_sequence_len,num_generations,population_size,halloffame_ratio,dataset,model,source_sequence
454,228,362,104,66.56891495601172,71.0801393728223,81.36200716845879,"(879, 919)","(558, 590)",50,20,1000,0,ml-1m,BERT4Rec,"[2720, 365, 1634, 1229, 140, 351, 1664, 160, 1534, 1233, 618, 267, 2490, 213, 2483, 89, 273, 665, 352, 222, 2265, 2612, 429, 2492, 2827, 532, 1002, 202, 821, 1615, 1284, 830, 176, 1116, 2626, 23, 415, 1988, 694, 133, 1536, 510, 290, 152, 204, 1034, 1273, 289, 462, 165]"
643,101,450,9,86.4247311827957,90.85619285120532,98.61963190184048,"(949, 977)","(652, 551)",50,20,1000,0,ml-1m,BERT4Rec,"[713, 1624, 415, 2044, 391, 610, 727, 38, 1046, 1863, 723, 756, 427, 1738, 1645, 2142, 609, 1461, 633, 12, 2, 36, 422, 1796, 420, 26, 1254, 630, 1462, 339, 986, 1922, 1629, 1284, 1535, 1492, 961, 1583, 849, 666, 1527, 1458, 662, 560, 1093, 670, 421, 1450, 536, 719]"
522,274,211,7,65.57788944723619,72.2879684418146,98.67674858223062,"(895, 920)","(529, 485)",19,20,1000,0,ml-1m,BERT4Rec,"[154, 799, 1341, 65, 172, 214, 184, 536, 1463, 598, 274, 1510, 1034, 207, 540, 412, 2475, 1616, 244]"
639,145,420,10,81.50510204081633,87.2322899505766,98.45916795069337,"(915, 910)","(649, 565)",50,20,1000,0,ml-1m,BERT4Rec,"[207, 382, 771, 1622, 200, 178, 135, 316, 1309, 185, 23, 866, 2495, 724, 1121, 1493, 649, 697, 1652, 2456, 1664, 634, 548, 1595, 97, 45, 612, 999, 744, 78, 749, 377, 715, 990, 991, 616, 1009, 1006, 734, 539, 65, 323, 971, 677, 1004, 587, 841, 1475, 656, 295]"
