tp,fp,tn,fn,precision,accuracy,recall,train_dataset_len,test_dataset_len,source_sequence_len,num_generations,population_size,halloffame_ratio,dataset,model,source_sequence
281,3,776,0,98.943661971831,99.71698113207546,100.0,"(648, 800)","(281, 779)",50,20,1000,0.1,ml-1m,BERT4Rec,"[2720, 365, 1634, 1229, 140, 351, 1664, 160, 1534, 1233, 618, 267, 2490, 213, 2483, 89, 273, 665, 352, 222, 2265, 2612, 429, 2492, 2827, 532, 1002, 202, 821, 1615, 1284, 830, 176, 1116, 2626, 23, 415, 1988, 694, 133, 1536, 510, 290, 152, 204, 1034, 1273, 289, 462, 165]"
286,651,42,3,30.52294557097118,33.401221995926676,98.96193771626297,"(858, 601)","(289, 693)",50,20,1000,0.1,ml-1m,BERT4Rec,"[713, 1624, 415, 2044, 391, 610, 727, 38, 1046, 1863, 723, 756, 427, 1738, 1645, 2142, 609, 1461, 633, 12, 2, 36, 422, 1796, 420, 26, 1254, 630, 1462, 339, 986, 1922, 1629, 1284, 1535, 1492, 961, 1583, 849, 666, 1527, 1458, 662, 560, 1093, 670, 421, 1450, 536, 719]"
