tp,fp,tn,fn,precision,accuracy,recall,train_dataset_len,test_dataset_len,source_sequence_len,num_generations,population_size,halloffame_ratio,dataset,model,source_sequence
521,386,243,36,57.44211686879823,64.41821247892075,93.53680430879712,"(888, 991)","(557, 629)",50,20,1000,0.2,ml-1m,BERT4Rec,"[2720, 365, 1634, 1229, 140, 351, 1664, 160, 1534, 1233, 618, 267, 2490, 213, 2483, 89, 273, 665, 352, 222, 2265, 2612, 429, 2492, 2827, 532, 1002, 202, 821, 1615, 1284, 830, 176, 1116, 2626, 23, 415, 1988, 694, 133, 1536, 510, 290, 152, 204, 1034, 1273, 289, 462, 165]"
709,0,22,6,100.0,99.18588873812756,99.16083916083916,"(1177, 998)","(715, 22)",50,20,1000,0.2,ml-1m,BERT4Rec,"[713, 1624, 415, 2044, 391, 610, 727, 38, 1046, 1863, 723, 756, 427, 1738, 1645, 2142, 609, 1461, 633, 12, 2, 36, 422, 1796, 420, 26, 1254, 630, 1462, 339, 986, 1922, 1629, 1284, 1535, 1492, 961, 1583, 849, 666, 1527, 1458, 662, 560, 1093, 670, 421, 1450, 536, 719]"
1,26,157,0,3.7037037037037033,85.86956521739131,100.0,"(1, 276)","(1, 183)",19,20,1000,0.2,ml-1m,BERT4Rec,"[154, 799, 1341, 65, 172, 214, 184, 536, 1463, 598, 274, 1510, 1034, 207, 540, 412, 2475, 1616, 244]"
165,481,22,0,25.541795665634677,27.994011976047904,100.0,"(1019, 999)","(165, 503)",50,20,1000,0.2,ml-1m,BERT4Rec,"[207, 382, 771, 1622, 200, 178, 135, 316, 1309, 185, 23, 866, 2495, 724, 1121, 1493, 649, 697, 1652, 2456, 1664, 634, 548, 1595, 97, 45, 612, 999, 744, 78, 749, 377, 715, 990, 991, 616, 1009, 1006, 734, 539, 65, 323, 971, 677, 1004, 587, 841, 1475, 656, 295]"
