tp,fp,tn,fn,precision,accuracy,recall,train_dataset_len,test_dataset_len,source_sequence_len,num_generations,population_size,halloffame_ratio,dataset,model,source_sequence
33,64,74,34,34.02061855670103,52.19512195121951,49.25373134328358,"(55, 143)","(67, 138)",50,20,1000,0,ml-1m,BERT4Rec,"[2720, 365, 1634, 1229, 140, 351, 1664, 160, 1534, 1233, 618, 267, 2490, 213, 2483, 89, 273, 665, 352, 222, 2265, 2612, 429, 2492, 2827, 532, 1002, 202, 821, 1615, 1284, 830, 176, 1116, 2626, 23, 415, 1988, 694, 133, 1536, 510, 290, 152, 204, 1034, 1273, 289, 462, 165]"
