position,avg
49,18.77961358112587
48,34.342307647148616
47,41.955846610856064
46,49.47669325464521
45,44.87133043083064
44,57.999219851771834
