position,avg
47,29.29253855529848
46,50.48396037352361
