i,split,status,source,aligned,alignment,cost,gt,aligned_gt,dataset_time,align_time,automata_learning_time,use_cache,determinism,model,datset,generations,halloffame_ratio,allowed_mutations
3,"(None, 10, None)",bad,"207,382,771,1622,200,178,135,316,1309,185,23,866,2495,724,1121,1493,649,697,1652,2456,1664,634,548,1595,97,45,612,999,744,78,749,377,715,990,991,616,1009,1006,734,539,65,323,971,677,1004,587,841,1475,656,295","207,382,771,1622,200,178,135,316,1309,185,23,866,2495,724,1121,1493,649,697,1652,2456,1494,1664,634,548,1595,97,45,612,999,744,749,377,715,990,991,616,1009,1006,734,539,65,323,971,677,1004,587,841,1475,656,295","sync_207,sync_382,sync_771,sync_1622,sync_200,sync_178,sync_135,sync_316,sync_1309,sync_185,sync_23,sync_866,sync_2495,sync_724,sync_1121,sync_1493,sync_649,sync_697,sync_1652,sync_2456,add_1494,sync_1664,sync_634,sync_548,sync_1595,sync_97,sync_45,sync_612,sync_999,sync_744,del_78,sync_749,sync_377,sync_715,sync_990,sync_991,sync_616,sync_1009,sync_1006,sync_734,sync_539,sync_65,sync_323,sync_971,sync_677,sync_1004,sync_587,sync_841,sync_1475,sync_656,sync_295",2,1004,1004,65.06075692176819,7.116653919219971,0.10963106155395508,False,True,RecModel.BERT4Rec,RecDataset.ML_1M,20,0.2,"['replace', 'swap']"
