,original_trace,alignment,splits_key,population_size,num_generations,halloffame_ratio,status,cost,time_dataset_generation,time_automata_learning,time_alignment,use_cache
0,"[2720, 365, 1634, 1229, 140, 351, 1664, 160, 1534, 1233, 618, 267, 2490, 213, 2483, 89, 273, 665, 352, 222, 2265, 2612, 429, 2492, 2827, 532, 1002, 202, 821, 1615, 1284, 830, 176, 1116, 2626, 23, 415, 1988, 694, 133, 1536, 510, 290, 152, 204, 1034, 1273, 289, 462, 165]",,1_mut,1000,20,0.2,CounterfactualNotFound,0,21.297198057174683,0.0,0.0,True
1,"[713, 1624, 415, 2044, 391, 610, 727, 38, 1046, 1863, 723, 756, 427, 1738, 1645, 2142, 609, 1461, 633, 12, 2, 36, 422, 1796, 420, 26, 1254, 630, 1462, 339, 986, 1922, 1629, 1284, 1535, 1492, 961, 1583, 849, 666, 1527, 1458, 662, 560, 1093, 670, 421, 1450, 536, 719]","['sync_713', 'sync_1624', 'sync_415', 'sync_2044', 'sync_391', 'sync_610', 'sync_727', 'sync_38', 'sync_1046', 'sync_1863', 'sync_723', 'sync_756', 'sync_427', 'sync_1738', 'sync_1645', 'sync_2142', 'sync_609', 'sync_1461', 'sync_633', 'sync_12', 'sync_2', 'sync_36', 'sync_422', 'sync_1796', 'sync_420', 'sync_26', 'sync_1254', 'sync_630', 'sync_1462', 'sync_339', 'sync_986', 'sync_1922', 'sync_1629', 'sync_1284', 'sync_1535', 'sync_1492', 'sync_961', 'sync_1583', 'sync_849', 'sync_666', 'sync_1527', 'sync_1458', 'sync_662', 'sync_560', 'sync_1093', 'sync_670', 'sync_421', 'sync_1450', 'sync_536', 'add_748', 'del_719']",1_mut,1000,20,0.2,bad,2,0.0405278205871582,0.13648295402526855,0.50996994972229,True
2,"[154, 799, 1341, 65, 172, 214, 184, 536, 1463, 598, 274, 1510, 1034, 207, 540, 412, 2475, 1616, 244]","['sync_154', 'sync_799', 'sync_1341', 'sync_65', 'sync_172', 'sync_214', 'sync_184', 'sync_536', 'sync_1463', 'sync_598', 'sync_274', 'sync_1510', 'sync_1034', 'sync_207', 'sync_540', 'sync_412', 'sync_2475', 'sync_1616', 'add_2862', 'del_244']",1_mut,1000,20,0.2,good,2,0.04239702224731445,0.055325984954833984,0.40014100074768066,True
