{"total_runs": 20, "good_runs": 15, "bad_runs": {"counterfactual_not_found": 1, "malformed_dfa": 4, "other": 0}, "mean_time_dataset_generation": 38.73053156534831, "mean_time_automata_learning": 0.9301430861155192, "mean_time_alignment": 11.553607209523518, "mean_total_time": 51.21428186098735, "min_cost": 1, "max_cost": 2, "mean_cost": 1.9333333333333333}