{"total_runs": 20, "good_runs": 13, "bad_runs": {"counterfactual_not_found": 5, "malformed_dfa": 0, "other": 0}, "mean_time_dataset_generation": 1.8647672763237586, "mean_time_automata_learning": 0.7016740212073693, "mean_time_alignment": 67.79657039275536, "mean_total_time": 70.36301169028648, "min_cost": 1, "max_cost": 2, "mean_cost": 1.9230769230769231}