tp,fp,tn,fn,precision,accuracy,recall,train_dataset_len,test_dataset_len,source_sequence_len,source_sequence,determinism,model,datset,generations,halloffame_ratio,allowed_mutations
829,151,25,4,84.59183673469389,84.63825569871159,198.04441776710684,"(965, 379)","(833, 176)",50,"713,1624,415,2044,391,610,727,38,1046,1863,723,756,427,1738,1645,2142,609,1461,633,12,2,36,422,1796,420,26,1254,630,1462,339,986,1922,1629,1284,1535,1492,961,1583,849,666,1527,1458,662,560,1093,670,421,1450,536,719",True,RecModel.BERT4Rec,RecDataset.ML_1M,20,0.0,"('replace', 'swap', 'add', 'shuffle', 'reverse', 'delete')"
1181,111,1694,406,91.40866873065016,84.75825471698113,148.09010712035288,"(2029, 2402)","(1587, 1805)",50,"2720,365,1634,1229,140,351,1664,160,1534,1233,618,267,2490,213,2483,89,273,665,352,222,2265,2612,429,2492,2827,532,1002,202,821,1615,1284,830,176,1116,2626,23,415,1988,694,133,1536,510,290,152,204,1034,1273,289,462,165",True,RecModel.BERT4Rec,RecDataset.ML_1M,20,0.0,"('replace', 'swap', 'add', 'shuffle', 'reverse', 'delete')"
472,133,9,4,78.01652892561984,77.831715210356,197.32773109243698,"(575, 381)","(476, 142)",50,"713,1624,415,2044,391,610,727,38,1046,1863,723,756,427,1738,1645,2142,609,1461,633,12,2,36,422,1796,420,26,1254,630,1462,339,986,1922,1629,1284,1535,1492,961,1583,849,666,1527,1458,662,560,1093,670,421,1450,536,719",True,RecModel.BERT4Rec,RecDataset.ML_1M,20,0.2,"('replace', 'swap', 'add', 'shuffle', 'reverse', 'delete')"
