position,num_seqs,avg
49,200,33.8104239805563
48,200,25.937463832413872
