position,num_seqs,avg
49,200,29.033916444124387
48,200,19.238416168637258
